area,houseage,price,bedroom,livingroom,bathroom,current_floor,total_floor
44.57,30,5705,3,2,2,8,12
101.63,5,11500,4,2,3,2,11
60.1,11,3900,3,2,2,10,14
29.15,39,2780,2,2,2,6,7
44.01,40,4988,2,3,2,5,12
11.8,30,1298,1,1,1,2,6
20.62,22,1458,2,1,1,4,13
101.63,5,11500,4,2,3,2,11
22.32,10,3288,1,1,1,14,14
44.57,0,4680,3,2,2,9,14
44.27,16,2588,2,1,1,14,14
33.52,38,3350,3,2,2,3,7
44.78,47,6000,4,2,2,10,12
66.88,27,4800,,,,3,12
34.16,37,2250,3,2,2,5,7
151.98,9,15588,4,3,3,2,13
39.4,35,3900,2,3,3,2,7
43.9,37,4188,3,2,2,2,7
26.97,31,2800,2,2,1,10,14
57.6,38,4750,5,5,5,2,7
38.72,35,3580,3,2,2,6,7
69.83,27,4850,3,2,2,4,26
34.45,36,2400,3,2,2,9,11
39.63,38,3980,3,2,2,2,7
86.57,4,5468,3,2,2,3,12
52.63,41,5180,4,2,2,4,7
121.47,4,21800,1,2,3,4,38
76.52,1,8980,3,2,2,20,25
31.02,40,2880,4,2,2,4,11
24.0,35,1798,2,2,2,4,7
31.95,35,2555,3,2,2,2,7
22.59,45,2188,2,2,1,2,6
41.04,39,3880,3,2,2,7,7
20.8,9,2450,1,2,1,9,14
86.7,23,7370,4,2,4,15,16
46.38,31,4980,3,2,2,7,7
90.52,36,11020,4,2,3,15,21
37.01,34,2800,3,2,2,2,7
62.8,13,7888,3,2,2,5,7
26.74,34,2650,3,2,2,5,7
60.39,3,7088,3,2,2,13,38
35.12,32,3360,3,2,2,5,12
47.22,36,4180,4,2,2,3,12
46.38,31,4980,4,2,2,7,7
74.31,1,9990,3,2,2,5,20
112.77,5,13580,4,2,2,13,19
34.74,30,3280,3,2,2,4,7
62.8,13,7888,4,2,2,5,7
60.39,3,7088,3,2,2,13,38
47.22,36,4180,4,2,2,3,12
35.0,32,3190,2,2,2,5,12
116.36,9,13800,4,3,4,7,13
22.0,37,2130,,,,6,12
20.19,5,2520,1,1,1,6,7
57.27,45,5800,4,2,3,5,6
58.17,9,6350,4,2,2,5,7
40.93,32,3980,3,2,2,2,7
9.14,14,1288,2,1,1,9,9
50.09,41,4760,2,2,2,7,7
64.65,7,7950,2,2,2,6,15
189.67,3,28500,,,,10,38
31.68,34,3100,3,2,2,8,16
39.63,38,3980,3,2,2,2,7
50.51,31,6600,4,2,2,4,12
12.14,27,1198,1,1,1,2,7
60.06,38,4688,3,2,2,3,15
43.43,30,4300,4,2,2,9,12
38.18,41,4380,3,2,2,5,7
33.79,36,2980,3,2,2,6,7
60.06,38,4688,3,2,1,3,15
60.06,38,4688,3,2,1,3,15
17.5,47,1980,2,2,1,4,12
17.5,47,1980,2,2,1,4,12
33.79,36,2980,3,2,2,6,7
17.5,47,1980,2,2,1,4,12
38.73,38,3588,4,2,2,6,7
38.73,38,3588,4,2,2,6,7
30.65,36,3980,3,2,2,6,6
73.16,8,7500,3,2,3,2,7
47.07,32,3580,5,2,2,1,7
15.52,39,1699,2,1,1,7,7
61.35,28,6880,3,2,3,13,13
17.37,9,1698,1,1,1,4,7
10.73,11,1450,1,1,1,6,10
79.08,41,8200,3,2,1,11,13
18.86,36,2180,2,2,1,5,7
35.5,14,2380,2,2,1,12,12
85.75,14,6600,2,2,2,8,19
41.05,44,3880,3,2,2,7,7
20.67,23,2150,2,1,1,4,6
20.14,50,1988,2,2,1,3,7
47.96,31,4588,6,6,6,3,7
33.5,40,2998,4,2,2,4,5
45.07,39,4498,3,2,2,4,14
33.67,38,2670,,,,4,12
27.9,11,2580,1,1,1,10,12
69.58,17,7800,4,2,2,4,14
50.0,39,5980,4,3,3,6,6
34.9,35,5250,3,2,2,1,7
97.31,1,12888,4,2,2,21,23
53.29,30,4800,4,2,2,4,6
17.44,9,1800,1,1,1,2,7
52.4,32,4588,7,2,6,6,6
46.0,33,5580,5,3,2,5,5
47.22,36,4380,4,2,2,3,12
44.57,30,5705,4,2,2,8,12
54.94,38,5880,4,2,2,6,7
38.82,40,3380,3,2,2,3,7
37.01,32,2800,3,2,2,2,7
12.73,9,1399,1,1,1,2,12
79.24,29,7800,4,2,2,10,25
33.54,35,3188,3,2,2,7,7
34.45,36,2400,3,2,2,9,11
41.93,45,4288,3,2,2,3,7
47.07,32,3580,4,2,2,1,7
97.19,4,12280,,,,7,14
97.19,5,11880,,,,7,14
29.14,30,2480,3,2,1,1,14
11.87,13,1258,1,1,1,4,12
11.93,38,1218,1,1,1,5,14
14.32,0,2126,,,,12,14
41.27,35,5500,3,2,2,1,6
50.8,45,5500,3,2,2,6,7
17.67,40,1766,1,1,1,7,12
23.03,15,2188,3,2,1,6,10
66.62,22,7980,4,2,2,7,10
45.07,39,4800,3,2,2,4,14
65.24,0,7980,3,2,2,7,12
16.25,38,1980,2,1,1,14,14
30.99,32,2580,3,2,1,10,19
86.68,6,5280,4,2,2,2,13
34.29,6,3700,2,2,2,7,14
113.23,2,16998,4,2,3,15,23
30.54,33,2588,3,2,1,12,17
15.5,41,1980,1,1,1,4,12
17.87,39,1660,1,1,1,2,15
38.73,36,3588,4,2,2,6,7
18.96,11,2380,,,,6,14
85.06,0,12150,4,2,3,6,20
39.77,23,4080,2,2,1,5,8
22.3,36,1980,2,2,1,6,12
34.01,40,3080,3,2,1,7,12
86.45,5,12600,4,2,2,12,19
40.54,34,3366,3,2,2,2,6
22.47,40,2460,2,2,1,5,11
35.4,37,2488,3,2,2,2,7
85.06,0,12150,,,,6,20
45.0,22,4285,4,2,2,3,16
36.8,41,3260,3,2,2,9,11
82.39,1,9000,4,2,3,3,15
20.98,19,2500,3,2,1,9,11
13.0,18,1498,1,1,1,2,9
56.17,36,3370,2,2,2,12,12
69.59,18,7600,4,2,2,5,13
44.58,30,5705,3,2,2,8,12
9.81,31,1188,2,1,1,3,10
34.9,25,3780,3,2,1,5,5
45.93,32,5580,4,3,2,5,5
62.8,13,7888,4,2,2,5,7
22.47,40,2560,2,2,1,5,11
41.27,35,5500,3,2,2,1,6
31.95,32,2210,3,2,2,2,12
20.14,50,1988,3,2,1,3,7
74.32,0,9990,3,2,2,5,20
32.41,33,4200,4,3,4,,
131.58,41,15800,7,2,5,7,7
52.4,32,4588,7,6,6,6,6
49.95,21,6800,2,2,2,7,10
15.1,8,1780,1,1,1,4,5
56.19,38,6498,2,2,2,4,14
44.57,30,5705,3,2,2,8,12
29.15,40,2880,,,,6,7
82.3,2,9680,4,2,3,8,15
41.05,32,5100,2,2,2,13,26
42.38,1,4500,2,2,1,7,15
100.07,10,14500,4,2,2,7,7
38.55,12,4250,3,2,2,4,8
86.0,5,5468,3,2,2,3,12
34.01,41,3080,2,2,1,7,12
13.73,22,1720,1,1,1,4,6
18.03,41,1900,1,1,1,8,12
69.83,27,4850,3,2,2,4,26
13.0,12,1688,2,1,1,7,10
49.25,39,4980,3,2,2,2,7
36.72,8,2498,2,2,1,8,13
60.77,5,6880,2,1,2,5,9
47.28,31,4380,2,2,2,4,7
45.6,45,4920,3,2,2,3,12
50.51,32,6600,4,2,2,4,12
17.08,10,2605,,,,10,13
50.51,31,6600,4,2,2,4,12
30.65,36,3980,3,2,2,6,6
52.82,34,6800,,,,1,7
10.65,9,1270,1,1,1,8,14
36.95,40,3298,3,2,2,4,7
11.71,31,1280,1,1,1,7,12
50.0,42,4550,4,2,2,6,6
50.34,33,5800,3,2,2,3,6
68.81,4,7488,3,2,2,2,7
84.78,37,8690,4,2,2,12,19
51.07,47,4880,4,2,2,5,6
39.5,39,3288,,,,3,11
22.33,10,2380,2,1,1,8,14
35.0,31,3500,3,2,2,9,12
89.6,9,9800,5,3,4,13,13
46.38,31,4980,3,2,2,7,7
47.22,36,4180,4,2,2,3,12
54.0,36,4588,3,2,3,13,16
59.09,33,3980,4,2,2,4,7
39.63,37,3980,3,2,2,2,7
40.54,34,3366,4,2,2,2,6
41.0,31,2980,3,2,2,3,12
37.11,36,3500,3,2,2,8,15
39.65,39,4388,4,2,2,7,7
23.68,23,2668,2,2,1,6,13
20.28,37,1950,,,,12,12
49.43,40,5980,2,2,2,8,12
53.69,9,5980,3,1,1,3,7
32.19,33,3980,4,2,2,1,7
33.85,38,2980,3,2,2,11,12
41.38,42,4180,3,2,2,3,7
28.5,6,3580,3,2,2,3,9
24.17,4,2160,2,1,1,2,7
48.23,42,4988,4,2,2,6,7
9.8,27,1188,2,1,1,3,10
91.38,5,13580,4,2,2,13,19
74.31,0,9990,3,2,2,5,20
20.14,50,1988,2,1,1,3,7
20.14,50,1988,2,1,1,3,7
65.3,30,10900,3,2,2,3,14
53.29,32,4800,4,2,2,4,6
30.5,39,2800,4,2,2,7,7
33.85,38,2980,3,2,2,11,12
39.41,35,3900,2,2,2,2,7
26.3,40,2850,1,1,1,5,12
27.83,30,2558,2,2,1,6,14
18.95,11,2380,1,1,1,6,14
20.14,50,1988,2,1,1,3,7
24.17,3,2160,2,1,1,2,7
49.06,41,4500,4,2,2,3,7
43.92,35,4188,4,2,2,2,7
60.83,33,5880,5,2,3,1,6
22.86,37,1998,2,2,2,2,6
59.27,3,7180,2,1,1,11,14
58.16,9,5998,3,2,2,5,7
14.54,28,1380,,,,25,26
37.01,31,2800,3,2,2,2,7
65.24,1,7980,3,2,2,7,12
49.41,39,5980,2,2,2,8,12
10.65,9,1270,1,1,1,8,14
20.14,49,1988,3,1,1,3,7
73.98,7,6998,4,2,2,5,7
9.64,22,930,1,1,1,6,7
10.65,9,1270,1,1,1,8,14
42.09,39,3499,3,2,2,6,7
38.72,36,3580,3,2,2,6,7
58.96,13,5833,4,2,2,2,8
72.99,3,8760,3,2,3,3,15
35.63,32,2498,3,2,2,11,12
17.64,9,1888,1,1,1,4,7
38.14,38,3815,3,2,2,5,7
20.14,50,1988,2,2,1,3,7
79.08,41,8200,3,2,1,11,13
31.74,30,3098,3,2,2,3,14
35.52,4,3680,2,2,2,8,14
27.35,10,2480,1,1,1,6,9
20.67,23,2150,2,2,1,4,6
10.0,21,930,1,1,1,6,7
50.51,31,6600,4,2,2,4,12
28.48,29,2220,2,2,1,10,12
126.05,28,12000,5,3,4,22,25
27.99,11,2580,1,1,1,10,12
26.74,35,2650,3,2,2,5,7
44.57,31,5705,3,2,2,8,12
54.39,22,4800,3,2,2,10,16
97.3,1,11988,3,2,3,11,23
38.04,37,3385,3,2,3,2,7
100.82,8,10900,3,2,3,5,7
33.52,37,3350,3,2,2,3,7
43.27,33,4288,4,2,2,3,6
35.67,40,3897,2,2,2,7,16
51.07,47,4800,4,2,2,5,6
54.22,35,5388,4,2,2,6,14
50.0,42,4550,4,2,2,6,6
96.7,0,12060,4,2,3,22,23
35.12,32,3360,3,2,2,5,12
58.62,31,4980,3,2,2,4,12
39.63,38,3980,3,2,2,2,7
90.17,6,11500,4,2,2,6,7
81.71,34,7780,4,3,2,3,7
85.75,14,6600,2,2,2,8,19
21.86,21,2380,3,1,1,3,5
52.12,30,4960,6,3,2,1,6
72.99,3,8760,3,2,3,3,15
31.95,32,2210,3,2,2,2,12
50.51,31,6600,4,2,2,4,12
14.54,28,1380,,,,25,26
32.41,33,4200,4,4,4,6,6
18.87,36,2180,2,2,1,5,7
92.07,6,7500,4,2,2,2,7
35.51,14,2380,2,2,1,12,12
9.14,14,1288,2,1,1,9,9
59.46,10,6800,3,2,2,5,7
20.14,49,1988,2,1,1,3,7
19.18,7,2488,2,1,1,6,7
82.3,2,9680,4,2,3,8,15
66.7,35,7600,5,2,2,7,12
76.46,28,8180,4,2,2,2,7
44.16,45,5000,2,1,2,7,12
29.08,10,3680,1,1,1,14,14
54.39,22,4800,3,2,2,10,16
38.72,34,5998,3,3,2,7,7
71.68,10,7600,5,2,2,2,7
82.45,2,9000,3,2,2,3,15
21.52,2,1980,1,1,1,3,7
33.52,37,3350,3,2,2,3,7
35.12,33,3360,3,2,2,5,12
38.04,38,3385,3,2,3,2,7
47.22,36,4180,4,2,2,3,12
19.6,11,1800,2,1,1,3,5
34.62,37,3350,1,2,2,12,12
58.29,2,5700,4,2,2,2,25
69.58,18,7800,3,2,2,4,14
60.4,3,7088,3,2,2,13,38
48.23,42,4988,4,2,2,6,7
49.08,31,5890,4,2,2,12,17
52.4,32,4588,7,6,6,6,6
35.12,32,3360,3,2,2,5,12
92.07,7,7500,4,2,3,2,7
23.03,15,2188,3,2,1,6,10
69.97,11,6988,3,2,2,10,12
52.4,32,4588,7,6,6,6,6
35.12,33,3360,3,2,2,5,12
44.16,45,4680,2,1,2,7,12
65.3,30,10900,3,2,2,3,14
39.3,37,3138,4,2,2,5,7
26.32,31,2800,2,2,1,5,10
15.5,41,1980,1,1,1,4,12
80.66,29,8200,4,2,2,10,25
17.8,6,2980,1,1,1,2,13
32.41,33,4200,4,4,4,6,6
103.09,5,12880,,,,13,14
49.06,31,4500,4,2,2,2,6
10.65,9,1270,1,1,1,8,14
52.63,40,5180,4,2,2,4,7
71.93,28,6980,3,2,2,7,17
33.37,40,1980,1,1,1,12,12
34.62,37,3350,1,2,2,12,12
28.06,32,1958,2,2,2,3,7
42.09,39,3499,3,2,2,5,6
48.7,39,6280,4,2,2,5,12
37.04,41,3880,3,2,2,6,7
63.02,8,5288,3,2,2,6,7
189.68,3,28500,5,2,5,10,38
24.0,31,2398,2,2,1,6,7
61.55,17,6800,4,2,2,1,6
11.93,38,1218,1,1,1,5,14
33.54,35,3188,3,2,2,7,7
71.93,28,6980,3,2,3,7,17
96.93,7,9998,4,2,2,2,11
155.07,4,21800,1,2,3,4,38
20.15,49,1988,3,2,1,3,7
22.86,37,1998,2,2,2,2,6
17.64,49,2280,1,1,1,10,11
64.77,40,6180,4,2,3,6,13
21.86,20,2380,3,1,1,3,5
97.19,5,11800,,,,7,14
50.79,44,5500,3,2,2,6,7
31.16,5,3100,1,1,1,5,7
43.11,39,4199,4,2,2,4,7
70.96,4,6398,3,2,2,2,7
50.51,32,6600,4,2,2,4,12
87.65,44,15500,,,,2,6
26.74,34,2650,3,2,2,5,7
21.52,2,1980,1,1,1,3,7
21.51,2,2198,1,1,1,6,7
27.8,35,3136,,,,9,12
60.39,3,7088,3,2,2,13,38
36.95,40,3298,3,2,2,4,7
41.38,42,4180,3,2,2,3,7
41.0,35,3895,3,2,2,3,6
39.84,41,4380,3,2,2,5,12
34.45,36,2400,3,2,2,9,11
64.65,46,7950,2,2,2,6,15
58.62,31,4980,3,2,2,4,12
34.9,36,5250,3,1,2,1,7
60.08,27,4850,4,2,2,8,27
11.71,30,1280,1,1,1,7,12
54.39,22,4800,3,2,2,10,16
12.73,9,1399,1,1,1,2,12
19.18,7,2488,2,1,1,6,7
52.4,32,4588,7,6,6,6,6
44.01,40,4988,3,2,2,5,12
19.37,32,1980,2,2,1,6,7
37.01,34,2800,3,2,2,2,7
16.75,0,1728,2,1,1,2,7
28.6,41,2580,3,2,2,6,7
81.39,8,7880,2,2,3,6,7
45.08,37,4498,3,2,2,4,14
18.29,26,1980,1,1,1,3,5
45.37,33,7200,,,,13,14
44.26,3,7180,3,2,2,11,14
98.24,2,13228,4,2,3,15,23
82.3,2,10999,4,2,3,10,23
37.01,34,2800,3,2,2,2,7
20.67,23,2150,2,2,1,4,6
44.57,33,5705,3,2,2,8,12
71.68,10,7600,4,2,2,2,7
9.47,9,1130,1,1,1,2,13
21.76,12,2917,2,1,1,2,11
20.14,40,1988,3,1,1,3,7
45.9,4,5300,3,2,2,10,14
39.3,37,3138,4,2,2,5,7
41.38,41,4180,3,2,2,3,7
54.39,22,4800,3,2,2,10,16
52.4,32,4588,7,6,6,6,6
69.83,27,4850,3,2,2,4,26
38.04,37,3385,3,2,3,2,7
40.99,31,2980,3,2,2,3,12
76.46,28,8180,4,2,2,2,7
14.54,28,1380,1,1,1,25,26
10.17,18,1390,2,1,1,10,11
72.99,2,8760,3,2,3,3,15
20.98,19,2500,3,2,1,9,11
27.35,28,2688,2,2,1,19,26
10.65,9,1270,1,1,1,8,14
38.31,42,4368,3,2,3,1,7
82.3,2,9680,4,2,3,8,15
105.43,6,14600,4,2,3,10,15
52.4,32,4588,7,6,6,6,6
49.95,21,6800,2,2,2,7,10
46.46,7,3980,3,2,1,2,6
18.0,41,1900,2,1,1,8,12
52.71,46,5598,4,2,2,3,7
68.93,38,5970,4,2,2,1,7
29.15,40,2780,2,2,2,6,7
73.28,6,8300,,,,5,14
42.95,37,3998,4,2,2,8,12
41.93,43,4468,3,2,2,10,12
39.3,38,3150,3,2,2,5,7
61.04,47,7280,3,2,2,8,12
20.65,40,2188,2,2,1,4,14
54.39,23,4800,3,2,2,10,16
28.5,36,2560,2,2,2,11,12
33.45,31,2858,2,2,2,3,14
82.3,2,9680,4,2,3,8,15
39.05,33,2988,3,2,2,17,17
18.67,9,1450,1,1,1,6,8
20.19,40,1990,2,1,1,5,12
50.51,31,6600,4,2,2,4,12
39.63,38,3980,3,2,2,2,7
17.67,40,1766,1,1,1,7,12
38.01,30,5980,2,2,2,7,7
57.26,33,4380,3,2,2,16,16
65.24,1,7980,3,2,2,7,12
12.51,22,1125,,,,6,7
8.04,39,990,1,1,1,12,14
41.38,42,4180,3,2,2,3,7
30.48,48,2890,,,,4,12
44.62,39,4360,2,3,3,6,6
20.67,23,2150,2,2,1,4,6
41.05,44,3980,3,2,2,7,7
21.86,18,2380,3,1,1,3,5
21.86,22,2480,4,2,1,3,7
97.19,6,11800,,,,7,14
86.67,7,5280,4,2,2,2,13
16.75,0,1728,1,1,1,2,7
15.52,39,1699,2,1,1,7,7
22.47,40,2460,1,2,1,5,11
44.81,6,4998,2,2,1,3,7
16.25,37,1980,2,1,1,14,14
26.73,35,2650,3,2,2,5,7
20.28,37,1950,,,,12,12
48.12,38,3480,3,2,2,9,12
50.51,31,6600,4,2,2,4,12
53.68,45,5314,4,2,2,2,7
51.89,28,4300,4,2,2,9,15
45.07,39,4498,3,2,2,4,14
19.36,33,1980,2,2,1,6,7
100.82,8,10900,4,2,3,5,7
52.4,32,4588,7,6,6,,
11.6,14,1380,1,1,1,5,12
10.0,14,1150,1,1,1,2,12
33.67,38,2670,1,1,2,4,12
22.6,46,2188,2,2,1,2,7
97.19,3,11800,,,,7,14
112.77,5,13580,4,2,2,13,19
56.19,37,6180,2,2,2,4,14
64.65,6,7950,2,2,2,6,15
35.12,32,3360,3,2,2,5,12
59.0,31,4980,3,2,2,4,12
34.01,40,3080,3,2,2,7,12
12.7,35,1398,1,1,1,4,11
90.17,9,11500,4,2,2,6,7
31.95,32,2210,3,2,2,2,12
105.44,6,14600,4,2,3,10,15
37.04,41,3880,3,2,2,6,7
56.19,37,6180,2,2,2,4,14
32.41,33,4200,4,3,4,6,6
60.77,5,7088,2,2,2,4,9
32.41,33,4200,2,2,2,6,6
53.68,45,5888,4,2,2,2,7
121.47,4,21800,,,,4,38
41.05,44,3880,3,2,2,7,7
36.94,38,3300,4,2,2,4,7
18.03,41,1900,1,1,1,8,12
60.48,39,5980,4,2,3,2,7
41.4,37,3588,4,2,2,2,12
39.0,33,2988,3,2,2,17,17
17.64,9,1888,1,1,1,4,7
14.32,20,1250,1,1,1,5,13
17.64,9,1888,1,1,1,4,7
76.46,28,8180,4,2,2,2,7
22.86,34,1998,2,2,2,2,6
28.06,32,1958,2,2,2,3,7
36.95,39,3298,3,2,2,4,7
61.35,28,6880,3,2,2,13,13
73.16,8,7500,4,2,3,2,7
36.95,40,3298,3,2,2,4,7
53.69,9,5980,3,2,2,3,7
51.07,47,4880,4,2,3,5,6
60.1,12,3900,3,2,2,10,14
79.08,41,8200,3,2,1,11,13
35.52,6,3680,2,2,2,8,14
20.14,40,1988,2,2,1,3,7
25.11,22,2650,2,2,1,2,5
41.38,40,4550,4,3,3,7,7
37.84,39,3200,,,,3,7
53.69,9,5980,3,2,2,3,7
86.58,4,5468,3,2,2,3,12
34.9,36,5250,4,2,2,1,7
56.5,35,4980,4,2,2,6,7
37.01,34,2800,3,2,2,2,7
19.87,37,2188,2,2,1,13,16
49.53,37,2780,3,2,2,12,12
35.52,4,3680,2,2,2,8,14
31.02,40,2880,4,2,2,4,11
8.87,10,850,1,1,1,2,6
32.76,37,2688,3,2,2,5,12
20.14,50,1988,3,2,1,3,7
97.31,2,12138,4,2,3,12,23
105.44,6,14600,4,2,3,10,15
94.76,13,9360,4,2,2,6,13
112.77,5,13580,4,2,2,13,19
144.85,3,15000,4,3,4,10,16
89.34,2,9380,3,2,3,7,19
41.93,43,4468,3,2,2,10,12
74.32,0,9990,3,2,2,5,20
33.52,37,3350,3,2,2,3,7
60.1,11,3900,3,2,2,10,14
51.88,16,5600,5,3,2,9,9
74.32,0,9990,3,2,2,5,20
34.67,37,2850,2,2,2,6,12
33.52,37,3350,3,2,2,3,7
131.58,36,15800,7,2,5,7,7
39.02,36,3800,3,2,2,2,14
36.91,37,3398,1,1,1,2,38
33.54,35,3188,3,2,2,7,7
27.08,31,2680,2,2,1,10,14
22.86,37,1998,2,2,2,2,6
58.29,1,5918,4,2,2,2,25
37.72,38,4980,4,3,2,7,7
41.05,44,3880,3,2,2,7,7
50.51,31,6600,4,2,2,4,12
97.19,3,11800,,,,7,14
40.71,40,11000,,,,1,7
44.01,37,4988,3,2,2,5,12
31.95,32,2210,3,2,2,2,12
63.63,17,6988,3,2,2,13,14
43.88,39,4380,3,2,2,3,7
13.73,22,1720,1,1,1,4,6
38.04,37,3385,3,2,2,2,7
45.4,9,4120,2,2,2,2,6
60.39,4,7200,3,2,2,13,14
52.71,47,5499,4,2,3,4,7
87.31,6,11500,4,2,2,6,7
37.01,34,2800,3,2,2,2,7
40.0,34,4200,3,2,2,7,12
31.74,30,3098,3,2,2,3,14
18.03,41,1900,2,1,1,8,12
80.8,31,11800,5,2,2,7,17
144.85,3,15000,4,3,4,10,16
35.75,42,2480,3,2,2,4,12
35.75,42,2480,3,2,2,4,12
15.0,12,1498,1,1,1,7,14
81.39,7,8300,2,2,4,6,7
36.94,39,3300,4,2,2,4,7
41.47,42,5880,3,2,2,9,12
27.35,10,2480,1,1,1,6,9
12.7,35,1398,1,1,1,4,11
42.49,41,4250,4,2,2,5,6
21.52,2,1980,1,1,1,3,7
56.19,38,6180,2,2,2,4,14
44.57,30,5705,3,2,2,8,12
388.08,13,55680,6,3,5,2,18
47.25,38,2880,3,2,2,12,12
21.5,30,2130,2,2,1,6,7
53.15,31,4350,3,2,2,5,7
19.37,31,1980,2,2,1,6,7
53.3,30,4800,4,2,2,4,6
75.0,29,10500,3,2,2,3,15
38.0,39,3380,3,2,2,3,7
41.28,35,5500,3,2,2,1,6
34.02,34,3498,5,2,5,7,7
41.04,39,3880,3,2,2,7,7
43.37,29,4180,4,2,2,2,12
27.31,31,2425,,,,7,12
21.86,21,2380,3,1,1,3,5
20.15,49,1988,3,1,1,3,7
22.86,34,1998,2,2,2,2,6
13.0,18,1498,1,1,1,2,9
27.35,28,2688,2,2,1,19,26
30.5,39,2800,4,2,2,7,7
26.63,11,3580,2,2,1,4,7
12.98,8,1398,1,1,1,2,5
47.22,36,4180,4,2,2,3,12
111.67,13,14800,7,3,5,14,14
16.6,11,1180,,,,3,6
21.76,12,2917,2,1,1,2,11
31.93,47,2518,3,2,2,3,7
13.47,22,1340,1,1,1,3,12
16.76,40,2180,2,1,1,7,12
61.22,18,6800,4,2,2,1,6
49.96,20,6800,2,2,2,7,12
42.49,39,4300,4,2,2,5,6
14.54,27,1380,1,1,1,25,26
82.39,1,8760,3,2,3,3,15
60.83,33,5880,5,2,3,1,6
34.45,36,2400,3,2,2,9,11
20.67,24,2150,2,2,1,4,6
12.43,8,1580,1,1,1,11,12
15.52,39,1699,2,2,1,7,7
30.43,9,4380,2,2,2,2,12
15.01,37,1628,1,1,1,14,16
36.52,42,3480,3,2,2,6,7
66.62,23,7980,3,2,2,7,10
45.79,34,5200,4,2,2,9,12
24.26,4,1880,,,,3,6
70.28,17,7700,4,2,2,3,5
36.95,39,3298,3,2,2,4,7
36.43,40,3278,2,2,2,10,14
60.08,27,4850,4,2,2,8,27
19.12,10,2588,,,,1,6
34.45,36,2400,3,2,2,9,11
70.96,4,6260,3,2,2,2,7
43.0,40,6288,4,2,2,6,14
30.54,33,2588,3,1,1,12,17
40.62,8,3998,4,2,2,3,10
32.36,42,3188,3,2,2,5,7
52.4,32,4588,7,6,6,6,6
40.3,33,3580,3,2,2,7,19
34.62,37,3350,1,2,2,12,12
15.52,39,1699,2,2,1,7,7
12.19,0,1808,,,,7,14
52.63,41,5180,4,2,3,4,7
36.91,14,2680,1,2,2,12,12
86.58,4,7480,2,2,2,9,12
34.02,35,3498,2,2,2,7,7
20.14,50,1988,2,1,1,3,7
59.14,41,8800,,,,2,12
17.64,9,1799,1,1,1,3,7
47.53,38,3680,4,2,2,11,15
30.53,37,2780,3,2,2,9,11
189.67,29,28500,,,,10,38
49.63,37,7580,3,2,2,11,12
26.74,35,2650,3,2,2,5,7
61.0,17,7300,4,2,2,8,14
58.17,8,5998,4,2,2,5,7
59.27,2,7180,3,2,2,11,14
105.43,6,14600,4,2,3,10,15
50.51,31,6600,4,2,2,4,12
56.19,38,6180,2,2,2,4,14
20.14,49,1988,3,1,1,3,7
74.32,0,9990,3,2,2,5,20
33.52,37,3350,3,2,2,3,7
35.12,32,3360,3,2,2,5,12
24.95,36,2638,3,2,1,4,7
23.62,22,1580,2,1,1,5,8
86.58,4,6660,3,2,2,11,12
69.58,18,7800,4,2,2,4,14
27.35,10,2480,1,1,1,6,9
75.05,30,10900,3,2,2,3,14
51.07,47,4880,4,2,3,5,6
141.39,15,14950,4,2,3,5,16
57.3,35,5099,4,2,2,6,12
56.19,38,6180,2,2,2,4,14
58.96,13,5833,4,2,2,2,8
59.2,34,4800,1,1,1,7,7
41.38,41,4180,3,2,2,3,7
59.46,11,6800,3,2,2,5,7
41.82,27,4250,4,2,2,2,10
62.95,29,7880,4,2,2,2,6
40.99,31,2980,3,2,2,3,12
25.11,22,2650,2,2,1,2,5
23.62,22,1580,2,2,1,5,8
44.5,31,3998,3,2,2,8,12
30.24,39,3480,3,2,2,14,17
111.52,28,9800,4,2,3,6,25
31.69,36,3100,3,2,2,8,16
38.82,40,3380,3,2,2,3,7
53.72,40,3500,3,2,3,6,7
26.74,35,2650,3,2,2,5,7
31.93,47,2518,3,2,2,3,7
33.52,37,3350,3,2,2,3,7
12.95,40,1155,,,,5,12
52.4,32,4588,7,6,6,6,6
39.48,39,3288,,,,3,11
22.86,34,1998,2,2,2,2,6
82.39,1,8760,3,2,3,3,15
29.15,40,2780,2,2,2,6,7
54.39,22,4800,3,2,2,10,16
49.96,42,4550,4,2,2,6,6
58.29,1,5918,4,2,2,2,25
36.94,38,3300,4,2,2,4,7
35.6,31,3500,3,2,2,9,12
81.39,7,7880,2,3,3,6,7
50.65,12,5300,2,2,2,4,7
35.12,32,3360,3,2,2,5,12
11.87,12,1258,1,1,1,4,12
35.63,31,2498,3,2,2,11,12
49.99,35,2980,3,2,2,2,7
85.75,14,6600,2,2,2,8,19
46.37,30,4200,4,2,2,3,7
18.16,17,2280,1,1,1,4,6
10.78,11,1730,1,1,1,5,11
62.8,13,7888,3,2,2,5,7
18.41,30,1800,,,,4,9
39.67,34,4200,3,2,2,7,12
13.73,22,1720,1,1,1,4,6
15.1,8,1780,1,1,1,4,5
40.98,36,3488,3,2,2,2,7
62.8,13,7888,3,2,2,5,7
31.89,35,2880,3,2,2,2,12
37.84,2,4250,2,2,2,5,6
39.95,45,4500,3,2,2,6,7
53.94,45,5388,4,2,2,4,7
15.52,39,1699,2,2,1,7,7
100.82,8,10900,4,2,3,5,7
66.7,35,7600,4,2,2,7,12
71.68,10,7680,4,2,2,2,7
91.25,6,11800,,,,7,14
113.23,2,16998,4,2,3,15,23
49.43,40,5980,2,2,2,8,12
26.74,35,2650,4,2,2,5,7
51.89,28,4300,4,2,2,9,15
60.83,33,5880,5,2,3,1,6
75.05,30,10900,3,2,2,3,14
44.57,31,5705,3,2,2,8,12
66.62,23,7980,3,2,2,7,10
69.58,18,7800,4,2,2,4,14
80.01,29,8288,4,2,2,18,28
51.07,47,4880,4,2,3,5,6
43.62,37,3950,3,2,3,2,7
38.5,36,3600,6,1,6,7,7
14.54,28,1380,1,1,1,25,26
20.14,50,1988,2,2,1,3,7
55.17,0,4680,3,2,2,9,14
17.67,41,1766,1,1,1,7,12
63.93,47,5750,5,1,2,7,11
58.15,42,5280,4,3,3,2,6
35.92,30,3500,3,2,2,9,12
39.95,45,4500,3,2,2,6,7
13.73,22,1720,1,1,1,4,6
50.51,31,6600,4,2,2,4,12
28.06,32,1958,2,2,2,3,7
112.7,5,13580,4,2,2,13,19
92.05,5,13316,3,2,3,3,9
38.04,38,3385,3,2,2,2,7
101.63,5,11500,4,2,3,2,11
66.7,35,7600,4,2,2,7,12
42.09,39,3499,3,2,2,6,7
74.32,1,9990,3,2,2,5,20
97.31,2,10988,4,2,3,11,23
38.81,40,3380,3,2,2,3,7
68.93,39,5970,4,2,2,1,7
17.64,9,1799,1,1,1,3,7
39.3,37,3138,4,2,2,5,7
28.06,32,1958,2,2,2,3,7
58.95,13,5833,4,2,2,2,8
113.23,2,14988,4,2,3,7,23
26.32,31,2800,2,2,1,5,10
39.63,36,3980,3,2,2,2,7
14.32,20,1250,1,1,1,5,13
114.76,28,10800,7,3,4,13,14
34.45,36,2400,3,2,2,9,11
28.2,35,3520,4,3,3,7,7
53.67,45,5314,3,2,2,2,7
30.65,36,3980,3,2,2,6,6
39.3,37,3138,4,2,2,5,7
39.27,39,3888,4,2,2,12,14
60.93,21,6800,3,2,2,14,18
60.95,21,6800,3,2,2,14,18
67.54,28,8380,3,2,2,3,25
80.73,6,6500,4,2,2,5,13
51.74,39,5170,3,2,1,3,7
56.19,37,6180,2,2,2,4,14
12.73,8,1386,1,1,1,2,12
60.09,12,3900,3,2,2,10,14
11.02,10,1288,1,1,1,14,14
37.15,37,2250,3,2,2,5,7
46.03,10,4580,3,2,2,6,7
92.05,14,7880,3,2,2,16,19
46.98,34,4800,,,,7,7
126.46,12,15800,3,2,3,11,16
57.9,36,4980,4,2,2,4,7
10.14,10,1248,1,1,1,2,8
39.67,34,4200,3,2,2,7,12
19.12,10,2588,,,,1,6
24.27,3,2188,1,1,1,2,6
82.3,2,9680,4,2,3,8,15
14.33,0,2126,,,,12,14
52.4,32,4588,7,6,6,6,6
37.2,3,3958,2,2,2,4,6
37.2,3,3958,2,2,2,4,6
43.27,33,4288,4,2,2,3,6
31.9,33,2680,3,2,2,4,7
41.38,42,4180,3,2,2,3,7
18.16,17,2280,1,1,1,4,6
10.78,12,1730,1,1,1,5,11
58.95,13,6189,4,2,2,2,8
52.4,32,4588,7,2,6,6,6
86.58,4,5468,3,2,2,3,12
55.08,31,3107,5,2,2,6,7
20.67,23,2150,2,2,1,4,6
37.11,36,3500,3,2,2,8,15
30.24,39,3480,3,2,2,14,17
27.0,49,2730,3,2,2,7,7
30.54,34,2588,3,2,1,12,17
10.37,0,1540,,,,12,14
20.14,49,1988,2,1,1,3,7
26.67,28,3168,2,1,1,10,12
86.58,3,7480,2,2,2,9,12
52.4,32,4588,7,6,6,6,6
100.08,12,14500,2,2,3,7,7
16.45,21,1760,2,1,1,2,5
41.93,46,4288,3,2,2,3,7
36.1,31,3230,3,2,2,7,7
58.29,2,5700,4,2,2,2,25
33.41,31,2970,3,2,2,4,14
36.9,38,3300,4,2,2,4,7
50.51,31,6600,4,2,2,4,12
30.23,40,3480,3,2,2,14,17
54.38,23,4800,3,2,2,10,16
39.63,38,3980,3,2,2,2,7
44.54,36,5428,3,1,2,14,14
39.3,37,3138,4,2,2,5,7
19.5,34,2250,2,2,1,8,11
56.19,38,6180,3,2,2,4,14
19.5,33,2250,2,2,1,8,11
210.25,2,24760,3,2,4,12,16
123.22,7,12688,4,2,3,5,11
33.52,37,3350,3,2,2,3,7
11.17,14,1495,2,1,2,3,6
86.58,4,5468,3,2,2,3,12
56.19,38,6180,2,2,2,4,14
74.32,0,9990,3,2,2,5,20
19.5,33,2250,2,2,1,8,11
39.3,37,3138,4,2,2,5,7
59.27,3,7180,3,2,2,11,14
49.47,30,4800,3,2,2,5,7
9.14,14,1288,2,1,1,9,9
100.07,12,14500,2,2,2,7,7
65.92,16,8000,4,2,2,5,9
15.18,35,1600,,,,9,11
35.52,4,3680,2,2,2,8,14
20.14,49,1988,2,2,1,3,7
52.4,32,4588,5,1,5,6,6
15.52,39,1699,2,1,1,7,7
86.58,4,6660,3,2,2,11,12
43.76,42,4455,4,2,2,6,7
33.36,33,2580,3,2,1,8,17
44.16,45,4680,2,1,2,7,12
39.17,37,3680,3,2,2,3,7
8.92,9,1160,,,,2,7
40.98,34,1638,4,2,2,10,10
8.04,39,990,1,1,1,12,14
50.51,31,6600,4,2,2,4,12
82.46,4,9600,3,2,2,8,12
33.45,33,2858,2,2,2,3,14
80.01,29,8288,4,2,2,18,28
58.96,13,5833,4,2,2,2,8
50.08,41,4760,2,2,2,7,7
39.67,34,4200,3,2,2,7,12
44.57,30,5705,4,2,2,8,12
18.03,41,1900,2,2,1,8,12
28.06,32,1958,2,2,2,3,7
58.17,8,5998,4,2,2,5,7
45.12,22,4285,4,2,2,3,16
51.89,28,4300,4,2,2,9,15
35.51,13,2480,2,2,1,12,12
41.48,42,5900,4,2,3,9,12
43.87,39,4380,3,2,2,3,7
57.9,8,5688,3,2,2,4,7
81.25,1,9880,3,2,2,12,23
65.2,28,6800,4,2,2,5,6
79.86,3,6870,4,2,2,7,13
63.1,47,6888,4,2,2,5,12
38.04,37,3250,3,2,2,2,7
47.81,31,4980,3,2,2,4,12
50.5,31,6600,4,2,2,4,12
20.28,37,1950,,,,12,12
31.91,39,2988,3,1,3,7,7
114.76,27,10800,6,4,5,13,13
11.58,24,1080,1,1,1,4,6
49.95,21,6800,2,2,2,7,10
34.1,31,2750,3,2,2,5,14
12.4,17,1080,,,,2,5
41.93,45,4288,3,2,2,3,7
20.1,49,1988,3,1,1,3,7
71.5,1,8500,3,2,3,15,15
14.57,9,1580,1,1,1,5,7
80.8,31,11800,5,2,2,7,17
11.52,9,1680,1,1,1,7,12
86.6,4,5538,3,2,2,4,12
33.54,35,3188,3,2,2,7,7
10.65,9,1270,1,1,1,8,14
17.09,30,1680,2,2,1,7,7
40.67,37,3680,4,2,2,6,7
52.63,40,5180,4,2,2,4,7
53.15,31,4350,3,2,2,5,7
58.49,32,6350,4,2,2,2,17
32.66,36,3980,3,2,2,4,12
50.45,10,6800,4,1,1,8,13
38.72,35,3580,3,2,2,6,7
41.93,45,4288,3,2,2,3,7
86.66,8,5280,4,2,2,2,13
100.81,8,9800,3,2,3,5,7
82.3,1,9680,4,2,3,8,15
29.15,40,2780,2,2,2,6,7
37.01,34,2800,3,2,2,2,7
39.3,37,3138,4,2,2,5,7
28.11,42,2498,,,,2,4
39.3,37,3138,4,2,2,5,7
44.16,45,4680,2,1,2,7,12
44.57,31,5705,3,2,2,8,12
30.49,41,2890,2,2,2,4,12
35.12,33,3360,3,2,2,5,12
28.6,41,2580,3,2,2,6,7
47.22,36,4180,4,2,2,3,12
10.75,9,1268,1,1,1,6,7
18.13,34,2138,2,1,1,12,12
51.07,47,4985,4,2,3,6,6
33.81,35,2498,3,2,2,15,15
52.71,47,5499,4,2,2,4,7
48.74,37,4630,,,,3,7
13.58,35,1298,1,1,1,7,11
71.9,27,6980,3,2,3,7,17
96.93,7,9998,4,2,2,2,11
96.7,0,9888,4,2,3,6,23
89.5,0,10588,4,2,3,10,23
96.7,0,10160,4,2,3,8,23
151.98,9,15588,4,2,4,2,13
50.51,31,6600,4,2,2,4,12
35.12,32,3360,3,2,2,5,12
34.66,33,3288,3,2,2,17,19
36.72,8,2498,2,1,1,8,13
22.86,34,1998,2,2,2,2,6
99.67,8,12000,4,2,4,6,6
38.77,45,4680,3,2,2,7,15
36.95,39,3298,4,2,2,4,7
66.62,23,7980,4,2,2,7,10
73.98,7,6998,4,2,2,5,7
158.31,29,18880,6,4,3,24,26
113.24,2,13288,4,2,3,15,23
97.19,6,12280,,,,7,14
31.69,36,3100,3,2,2,8,16
85.48,14,6600,2,2,2,8,19
35.12,32,3360,3,2,2,5,12
90.17,8,12000,4,2,2,6,7
72.99,43,9300,5,2,2,3,15
100.81,8,9999,4,2,2,2,7
56.19,38,6180,2,2,2,4,14
39.63,38,3980,3,2,2,2,7
89.31,36,10680,6,2,2,14,14
189.67,3,28500,,,,10,38
86.58,4,6880,3,2,2,10,12
41.93,43,4468,3,2,2,10,12
74.32,0,9990,3,2,2,5,20
17.67,40,1766,1,1,1,7,12
9.64,22,930,1,1,1,6,7
58.17,8,5998,4,2,2,5,7
101.63,5,11500,4,2,3,2,11
15.5,41,1980,1,1,1,4,12
8.04,39,990,1,1,1,12,14
29.15,40,2780,2,2,2,6,7
48.12,38,3480,3,2,2,9,12
72.99,1,8760,4,2,3,3,15
36.95,40,3298,3,2,2,4,7
66.62,23,7980,3,2,2,7,10
89.8,2,10588,3,2,3,10,23
30.54,31,2576,3,2,1,12,17
82.3,2,9876,4,2,3,9,23
69.98,11,6988,3,2,2,10,12
21.6,41,2380,3,1,1,12,12
56.49,35,4980,4,2,2,6,7
28.06,32,1958,2,2,2,3,7
111.67,13,14800,8,3,5,14,14
17.67,40,1766,1,1,1,7,12
44.5,31,5705,3,2,2,8,12
34.16,37,2250,3,2,2,5,7
328.8,22,30000,5,3,5,3,13
22.8,34,1998,2,2,2,2,6
11.5,32,1138,,,,2,6
22.47,40,2460,2,2,1,5,11
39.77,24,4080,3,2,1,5,8
90.52,36,11020,4,2,3,15,21
39.3,34,3138,4,2,2,5,7
71.68,10,7600,4,2,2,2,7
15.15,23,1380,1,1,1,4,5
43.63,31,4200,4,2,2,7,12
57.3,37,5099,3,2,2,6,12
41.93,45,4288,3,2,2,3,7
120.74,2,12800,4,2,3,8,23
42.99,12,5880,2,3,3,10,10
41.93,44,4288,3,2,2,3,7
40.74,35,3700,4,2,2,2,7
126.06,28,12000,4,3,4,22,25
158.31,27,16899,6,4,3,24,26
13.83,19,1100,2,1,1,12,14
98.23,3,13228,4,2,3,15,23
38.97,41,3730,3,2,2,2,6
155.06,3,21800,,,,4,38
26.74,35,2650,3,2,2,5,7
101.64,5,11500,4,2,3,2,11
36.71,8,2688,2,2,1,8,13
111.52,29,9800,4,2,3,6,25
97.31,2,12988,3,2,3,19,23
34.9,36,5250,4,2,2,1,7
34.62,37,3350,1,2,2,12,12
28.5,35,2560,2,2,2,11,12
66.82,37,4780,5,2,3,2,7
40.3,32,3688,3,2,2,7,19
31.26,33,2388,3,2,1,4,17
21.5,30,2130,2,2,1,6,7
23.98,29,2398,2,2,1,6,7
49.43,39,5980,2,2,2,8,12
38.98,41,3730,3,2,2,2,6
65.2,28,6800,4,2,2,5,6
15.5,41,1980,1,1,1,4,12
12.41,9,1498,1,1,1,5,14
44.02,40,4988,3,2,2,5,12
72.99,43,9300,5,2,2,3,15
26.59,13,2800,2,1,1,3,11
48.23,42,4988,4,2,2,6,7
113.23,2,13228,4,2,3,15,23
41.82,27,4380,4,2,2,2,10
71.93,28,6980,3,2,3,7,17
58.61,32,4980,3,2,2,4,12
82.3,1,12060,,,,22,23
27.35,27,2688,2,2,1,19,26
41.93,43,4468,3,2,2,10,12
84.06,6,6870,3,2,2,7,13
30.54,33,2588,3,2,1,12,17
42.32,37,4280,3,2,2,11,12
30.39,6,3550,3,2,2,6,9
65.36,28,6800,4,2,2,5,6
20.14,39,1988,3,1,1,3,7
85.75,14,6600,2,2,2,8,19
90.16,8,11500,4,2,2,6,7
53.69,9,5980,3,2,2,3,7
37.11,39,3288,3,2,2,7,7
21.37,24,1680,2,1,1,4,7
21.86,21,2380,3,1,1,3,5
71.93,27,6980,3,2,3,7,17
35.52,6,3680,2,2,2,8,14
21.8,21,2380,3,1,1,3,5
46.0,32,5580,5,2,2,5,5
58.96,13,5833,4,2,2,2,8
120.74,2,13228,4,2,3,15,23
26.74,35,2650,3,2,2,5,7
22.86,35,1998,2,2,2,2,6
21.86,21,2380,3,1,1,3,5
41.93,43,4468,3,2,2,10,12
35.12,33,3360,3,2,2,5,12
39.63,38,3980,3,2,2,2,7
85.75,14,6600,2,2,2,8,19
90.17,8,11500,4,2,2,6,7
50.18,35,4918,,,,2,7
34.45,36,2400,3,2,2,9,11
34.16,37,2000,2,2,2,4,7
86.58,2,7800,2,2,2,9,12
155.08,4,21800,1,2,3,4,38
40.93,6,3988,3,2,2,5,7
82.31,2,11988,4,2,2,11,23
45.54,34,3980,3,2,1,5,12
18.03,41,1900,1,2,1,8,12
60.39,3,7088,3,2,2,13,38
58.16,8,5998,4,2,2,5,7
75.0,28,10500,3,2,2,3,15
59.2,34,4880,,,,7,7
22.33,8,3288,1,1,1,14,14
79.53,26,8380,3,2,3,3,25
25.34,9,3480,1,1,1,14,14
26.74,34,2650,3,2,2,5,7
21.0,40,2188,2,1,1,4,14
156.09,3,27300,5,2,5,10,38
71.93,28,6988,3,2,3,7,17
111.52,29,9800,4,2,3,6,25
55.07,28,6800,4,2,2,5,6
113.24,2,13228,4,2,3,15,23
97.31,2,12060,4,2,2,22,23
89.81,2,10588,3,2,3,10,23
31.37,40,2988,2,2,1,8,14
53.69,9,5980,3,1,1,3,7
42.72,9,4580,2,2,1,7,10
21.5,30,2130,2,1,1,6,7
90.52,36,11020,4,2,3,15,21
60.39,4,7200,3,2,2,13,14
30.53,37,2780,3,2,2,9,11
18.16,17,2280,1,1,1,4,6
54.0,0,5050,2,2,1,6,14
38.73,38,3588,4,2,2,6,7
36.33,33,3218,3,2,2,5,7
25.06,8,2672,2,2,1,4,12
19.5,32,2250,2,2,1,8,11
12.14,29,1198,1,1,1,2,7
39.41,34,3900,2,3,3,2,6
30.53,37,2780,3,2,2,9,11
21.52,3,1980,1,1,1,3,7
54.0,35,4880,2,3,3,13,16
18.03,41,1900,1,2,1,8,12
136.02,40,16800,5,2,4,2,14
80.0,30,8888,4,2,2,2,8
15.52,39,1699,2,2,1,7,7
39.0,39,3380,3,2,2,3,7
44.28,42,4550,2,2,2,3,7
11.02,7,1288,1,1,1,14,14
34.15,37,2250,3,2,2,5,7
70.18,23,8800,3,2,2,7,8
15.52,39,1699,2,1,1,7,7
26.32,31,2800,2,2,1,5,10
51.88,16,5600,5,3,2,9,9
26.74,35,2650,3,2,2,5,7
101.64,5,11500,4,2,3,2,11
27.08,31,2680,2,2,1,10,14
72.99,43,9300,5,2,2,3,15
34.9,41,3980,,,,1,7
22.86,34,1998,2,2,2,2,6
36.6,34,2680,3,2,2,11,12
21.07,19,1668,2,1,1,5,12
51.07,47,4880,4,2,3,5,6
20.13,49,1988,2,2,1,3,7
49.47,33,4800,3,2,1,5,7
44.78,47,6000,3,2,2,10,12
35.12,32,3360,3,2,2,5,12
18.86,37,2180,2,2,1,5,7
26.74,35,2650,3,2,2,5,7
64.65,7,7950,2,2,2,6,15
17.17,14,2080,2,2,1,2,11
33.51,38,3350,3,2,2,3,7
43.43,31,4300,4,2,2,9,12
71.68,10,7600,5,2,2,2,7
76.46,28,8180,5,2,2,2,7
26.97,10,3950,2,2,1,12,14
11.17,14,1495,2,1,2,3,6
13.58,36,1298,1,1,1,7,12
126.46,15,15800,3,2,3,11,16
44.25,3,6790,3,2,2,12,38
22.32,4,3170,1,1,1,3,38
60.1,12,3900,3,2,2,10,14
46.42,36,4750,4,2,2,2,15
43.58,35,3480,4,2,2,7,7
17.67,41,1766,1,1,1,7,12
23.68,23,2668,2,2,1,6,13
20.67,23,2150,2,2,1,4,6
90.12,3,12588,3,2,3,8,16
86.61,7,12688,4,2,3,5,11
169.26,10,30238,5,2,4,3,13
73.16,8,7500,3,2,3,2,7
82.3,1,11050,,,,10,23
47.98,36,4088,4,2,2,11,16
34.01,40,3080,2,2,2,7,12
17.87,39,1588,1,1,1,2,15
59.28,35,6278,5,2,2,3,7
51.0,36,7656,3,2,2,8,11
20.14,49,1988,3,1,1,3,7
53.15,32,4350,3,2,2,5,7
45.84,32,3500,3,2,2,4,7
90.17,8,11500,4,2,2,7,7
60.95,21,6800,3,2,2,14,18
34.02,34,3498,2,2,2,7,7
66.7,35,7600,5,2,2,7,12
57.3,35,5099,4,2,2,6,12
54.0,35,5100,4,2,2,6,14
79.08,40,7600,5,1,1,11,13
23.5,43,2450,,,,10,12
120.74,2,13228,4,2,3,15,23
73.98,7,6998,4,2,2,5,7
39.63,38,3980,3,2,2,2,7
53.14,31,4350,3,2,2,5,7
28.69,7,2998,,,,8,12
33.51,37,3350,3,2,2,3,7
41.93,43,4468,3,2,2,10,12
34.45,36,2400,3,2,2,9,11
58.29,1,5918,4,2,2,2,25
69.83,27,4850,3,2,2,4,26
22.8,34,1998,2,2,2,2,6
21.86,21,2380,3,1,1,3,5
60.9,21,6800,3,2,2,14,18
24.16,3,1980,2,1,1,2,7
20.67,23,2150,2,2,1,4,6
26.74,35,2650,3,2,2,5,7
35.6,31,3500,3,2,2,9,12
60.41,27,4980,4,2,2,2,27
97.3,2,13480,3,2,3,23,23
15.52,39,1699,2,2,1,7,7
46.38,31,5100,3,2,2,7,7
60.41,27,4980,4,2,2,2,27
25.11,22,2650,2,2,1,2,5
51.74,38,5170,3,2,1,3,7
52.8,40,6580,4,2,3,3,7
58.17,8,5998,4,2,2,5,7
136.02,40,15700,5,2,3,2,14
20.67,26,2150,2,2,1,4,6
37.01,35,2800,3,2,2,2,7
34.62,37,3350,1,2,2,12,12
60.4,3,7200,3,2,2,13,14
70.56,6,6600,3,2,2,2,10
18.19,23,2150,2,2,1,4,6
48.7,39,6280,4,2,2,5,12
24.0,47,3330,2,2,1,6,12
59.27,3,7180,3,2,2,11,14
28.06,32,1958,2,2,2,3,7
15.52,40,1699,2,2,1,7,7
17.68,41,1888,2,2,1,4,5
30.24,39,3480,3,2,2,14,17
94.76,13,9360,4,2,2,6,13
60.39,3,7088,3,2,2,13,14
144.8,3,15000,4,3,4,10,16
65.9,16,8000,4,2,2,5,9
56.19,37,6180,2,2,2,4,14
71.69,11,7600,4,2,2,2,7
71.93,28,6988,3,2,3,7,17
52.71,47,5598,4,2,2,3,7
39.77,23,4080,2,2,1,5,8
53.15,32,4350,3,2,2,5,7
15.52,39,1699,2,1,1,7,7
38.82,40,3380,3,2,2,3,7
34.15,37,2250,3,2,2,5,7
56.17,36,3336,2,2,2,12,12
71.13,36,6898,3,2,2,7,14
38.81,39,3380,3,2,2,3,7
75.09,28,10500,3,2,2,3,15
44.01,40,4988,3,2,2,5,12
60.1,12,3900,3,2,2,10,14
85.75,14,6600,2,2,2,8,19
79.07,41,7600,4,3,1,11,13
105.95,14,16500,5,2,4,2,9
38.32,40,4368,3,2,3,1,7
112.77,5,13580,4,2,2,13,19
74.31,0,9990,3,2,2,5,20
41.93,43,4468,3,2,2,10,12
72.99,2,8800,3,2,3,3,15
189.68,3,28500,5,2,5,10,38
53.68,44,5314,3,2,2,2,7
99.57,4,15000,4,2,4,10,16
53.15,31,4350,3,2,2,5,7
12.52,21,1248,1,1,1,3,7
37.01,34,2800,3,2,2,2,7
69.83,28,4850,3,2,2,4,26
58.29,2,5700,4,2,2,2,25
34.62,38,3350,1,2,2,12,12
71.93,28,6980,3,2,3,7,17
80.73,6,6800,4,2,2,5,13
67.6,36,5199,4,2,2,10,16
40.86,37,3674,2,1,1,8,14
23.61,23,1588,2,2,1,5,8
43.9,32,4680,3,2,2,4,16
26.23,46,2480,3,2,2,2,6
54.22,36,5380,4,2,2,6,14
43.06,34,3888,3,2,2,5,7
111.52,28,9800,4,2,3,6,25
45.64,37,4880,4,2,2,14,14
43.87,39,4380,3,2,2,3,7
53.15,31,4350,3,2,2,5,7
38.98,41,3730,3,2,2,2,6
20.15,39,2168,2,2,1,3,7
40.99,31,2980,3,2,2,3,12
22.86,35,1998,2,2,2,2,6
54.22,36,5380,4,2,2,6,14
28.06,34,1958,2,2,2,3,7
31.93,48,2518,3,2,2,3,7
17.09,29,1680,2,2,1,7,7
151.98,9,15588,4,2,2,2,13
18.65,0,2088,2,2,1,4,7
108.09,5,11200,4,2,3,16,19
100.82,5,11200,3,2,2,11,19
8.87,10,880,1,1,1,2,6
112.77,5,13580,4,2,3,13,19
71.93,27,6980,3,2,3,7,17
42.38,1,4500,2,2,1,7,15
35.24,37,3168,3,2,2,2,11
40.62,8,3998,4,2,2,3,10
49.47,33,4800,3,2,2,5,7
69.19,35,7880,6,2,3,1,7
20.67,23,2150,2,2,1,4,6
26.74,35,2650,3,2,2,5,7
34.62,37,3350,1,2,1,12,12
53.1,33,4350,3,2,2,5,7
33.04,35,2560,3,2,2,5,7
44.5,37,5999,4,2,3,2,7
13.79,11,1790,3,1,1,4,10
11.59,22,1236,,,,3,12
8.87,10,850,,,,2,5
22.86,34,1998,2,2,2,2,6
22.8,34,1998,2,2,2,2,6
43.85,37,4380,,,,2,7
20.09,40,2398,1,2,1,14,14
19.5,34,2250,2,1,1,8,11
34.29,3,3680,2,2,2,8,14
50.44,10,5988,4,1,1,8,13
47.64,44,4680,3,2,2,2,7
39.87,32,4350,3,2,2,5,7
47.07,32,3580,3,2,2,1,7
33.81,38,2280,3,2,2,11,15
114.75,28,10800,6,4,5,13,14
114.76,28,10800,7,3,4,13,14
49.47,33,4800,3,2,1,5,7
31.03,32,2468,3,2,1,19,19
45.83,32,3500,3,2,2,4,7
49.47,30,4800,3,2,2,5,7
49.41,39,5980,2,2,2,8,12
39.41,35,3900,2,2,2,2,7
59.59,15,7280,4,2,2,1,7
21.86,22,2380,2,1,1,3,5
47.64,44,4680,3,2,2,2,7
22.47,40,2560,2,2,1,5,11
49.48,32,4800,3,2,2,5,7
213.27,3,22988,3,2,4,11,16
100.08,10,14500,2,2,3,7,7
39.95,45,4500,3,2,2,6,7
30.53,37,2780,3,2,2,9,11
30.32,9,2580,2,2,1,5,8
58.17,8,5998,4,2,2,5,7
46.39,32,4980,3,2,2,7,7
41.38,40,4550,2,2,2,7,7
43.83,33,7980,4,2,2,25,26
50.51,31,6600,4,2,2,4,12
15.15,23,1380,1,1,1,4,5
25.11,22,2650,2,2,1,2,5
58.17,37,6980,4,2,2,5,14
53.15,31,4350,3,2,2,5,7
64.65,6,7950,2,2,2,6,15
17.0,1,2680,2,1,1,10,15
15.52,39,1699,2,2,1,7,7
20.67,23,2150,2,2,1,4,6
101.63,4,11500,4,2,3,2,11
58.55,28,6980,3,2,3,7,17
49.0,32,5890,3,2,2,12,17
15.52,39,1699,2,2,1,7,7
26.74,35,2650,3,2,2,5,7
65.37,10,7180,4,2,2,11,15
28.06,32,1958,2,2,2,3,7
26.74,35,2650,3,2,2,5,7
60.95,21,6800,3,2,2,14,18
65.36,25,6800,4,2,2,5,6
112.83,10,11880,2,3,3,11,15
33.52,37,3350,3,2,2,3,7
112.77,5,13580,4,2,2,13,19
75.31,31,8088,3,2,3,12,15
71.68,10,7600,4,2,2,2,7
76.46,28,8180,4,2,2,2,7
39.65,39,4388,4,2,2,7,7
50.34,33,5800,4,2,2,3,6
42.37,5,5488,2,2,2,11,12
97.31,2,12168,4,2,3,12,23
15.88,9,2208,1,1,1,4,7
44.02,40,4988,3,2,2,5,12
53.72,41,3500,3,2,3,6,7
43.11,37,3330,3,2,2,6,7
74.32,0,9990,3,2,2,5,20
26.74,35,2650,3,2,2,5,7
66.7,35,7600,4,2,2,7,12
83.91,7,9800,3,2,3,5,7
15.44,10,2500,2,2,1,6,8
26.74,35,2650,3,2,2,5,7
189.68,3,28500,5,2,5,10,38
15.88,9,2208,1,2,1,4,7
11.08,21,1200,1,1,1,7,16
17.09,30,1688,2,1,1,7,7
41.93,44,4288,3,2,2,3,7
71.67,10,7600,4,2,2,2,7
26.92,30,2500,2,2,1,4,18
19.38,14,1650,1,1,1,2,12
33.99,35,2988,4,2,2,4,12
15.22,38,1480,2,2,1,4,11
47.73,28,4380,,,,2,7
29.34,8,2550,2,1,1,2,7
10.27,11,1339,1,1,1,6,6
34.54,1,2185,2,1,1,5,13
30.24,39,3480,3,2,2,14,17
65.3,20,10900,3,2,2,3,14
50.44,10,5988,4,1,1,8,13
35.0,38,3300,3,1,3,2,7
16.0,9,1788,3,1,1,2,7
23.67,32,2000,3,2,2,12,12
49.08,31,5890,4,2,2,12,17
52.08,40,5480,4,2,2,3,6
81.24,2,9880,3,2,2,12,23
123.0,5,13990,4,2,3,5,11
41.9,30,3380,3,2,2,2,14
36.04,36,3488,4,1,1,8,16
90.12,3,12588,3,2,3,8,16
